{"user_id":"12", "event_type":"new", "event_properties":{"date":"2019-03-27 12:02:43.641285+00"}}
{"user_id":"12", "event_type":"rejected", "event_properties":{"date":"2019-03-29 15:21:29.786117+00"}}
{"user_id":"16", "event_type":"new", "event_properties":{"date":"2019-03-27 16:45:06.062814+00"}}
{"user_id":"16", "event_type":"rejected", "event_properties":{"date":"2019-03-29 15:21:01.743647+00"}}
{"user_id":"39", "event_type":"new", "event_properties":{"date":"2019-03-29 14:16:04.968705+00"}}
{"user_id":"39", "event_type":"approved", "event_properties":{"date":"2019-04-05 07:09:12.131203+00"}}
{"user_id":"39", "event_type":"creating_project", "event_properties":{"date":"2019-04-05 15:44:06.513365+00"}}
{"user_id":"39", "event_type":"ready_for_collect", "event_properties":{"date":"2019-04-05 15:44:35.202536+00"}}
{"user_id":"39", "event_type":"collecting_approve", "event_properties":{"date":"2019-04-05 17:16:38.931977+0"}}
{"user_id":"39", "event_type":"collecting_money", "event_properties":{"date":"2019-04-08 13:52:21.392649+00"}}
{"user_id":"39", "event_type":"money_collected", "event_properties":{"date":"2019-04-12 14:34:54.626721+00"}}
{"user_id":"39", "event_type":"borrower_agreed_withdraw", "event_properties":{"date":"2019-04-12 15:38:27.299796+0"}}
{"user_id":"39", "event_type":"sending_money", "event_properties":{"date":"2019-04-12 15:38:33.431676+0"}}
{"user_id":"39", "event_type":"money_sent", "event_properties":{"date":"2019-04-15 00:00:00.0082+0"}}
{"user_id":"39", "event_type":"loan_withdraw", "event_properties":{"date":"2019-04-15 01:00:04.134505+00"}}
{"user_id":"40", "event_type":"new", "event_properties":{"date":"2019-04-22 13:19:28.006768+00"}}
{"user_id":"40", "event_type":"rejected", "event_properties":{"date":"2019-04-23 14:45:27.158627+00"}}
{"user_id":"78", "event_type":"new", "event_properties":{"date":"2019-04-17 10:37:14.346665+00"}}
{"user_id":"78", "event_type":"approved", "event_properties":{"date":"2019-04-18 15:50:51.560888+00"}}
{"user_id":"78", "event_type":"creating_project", "event_properties":{"date":"2019-04-19 15:02:41.495966+00"}}
{"user_id":"78", "event_type":"ready_for_collect", "event_properties":{"date":"2019-04-19 15:04:29.330813+00"}}
{"user_id":"78", "event_type":"cancel_collecting", "event_properties":{"date":"2019-05-24 12:41:31.391314+00"}}
{"user_id":"82", "event_type":"new", "event_properties":{"date":"2019-04-05 12:26:10.799981+00"}}
{"user_id":"82", "event_type":"rejected", "event_properties":{"date":"2019-04-09 09:36:52.217791+00"}}
{"user_id":"113", "event_type":"new", "event_properties":{"date":"2019-04-04 16:01:04.609342+00"}}
{"user_id":"113", "event_type":"rejected", "event_properties":{"date":"2019-04-08 11:57:59.602603+00"}}
{"user_id":"116", "event_type":"new", "event_properties":{"date":"2019-04-04 08:54:27.516555+00"}}
{"user_id":"116", "event_type":"approved", "event_properties":{"date":"2019-04-05 12:32:48.325586+00"}}
{"user_id":"116", "event_type":"creating_project", "event_properties":{"date":"2019-04-05 15:41:47.889017+00"}}
{"user_id":"116", "event_type":"ready_for_collect", "event_properties":{"date":"2019-04-05 15:44:31.411027+00"}}
{"user_id":"116", "event_type":"collecting_approve", "event_properties":{"date":"2019-04-08 13:50:31.77055+0"}}
{"user_id":"116", "event_type":"collecting_money", "event_properties":{"date":"2019-04-08 13:52:21.475226+00"}}
{"user_id":"116", "event_type":"money_collected", "event_properties":{"date":"2019-04-12 14:34:54.626721+00"}}
{"user_id":"116", "event_type":"borrower_agreed_withdraw", "event_properties":{"date":"2019-04-12 15:12:23.65134+0"}}
{"user_id":"116", "event_type":"sending_money", "event_properties":{"date":"2019-04-12 15:12:33.81396+0"}}
{"user_id":"116", "event_type":"money_sent", "event_properties":{"date":"2019-04-15 00:00:00.0082+0"}}
{"user_id":"116", "event_type":"loan_withdraw", "event_properties":{"date":"2019-04-15 01:00:07.839431+00"}}
{"user_id":"122", "event_type":"new", "event_properties":{"date":"2019-04-03 16:16:58.570586+00"}}
{"user_id":"122", "event_type":"approved", "event_properties":{"date":"2019-04-05 12:33:12.40438+00"}}
{"user_id":"122", "event_type":"creating_project", "event_properties":{"date":"2019-04-05 15:41:43.278693+00"}}
{"user_id":"122", "event_type":"ready_for_collect", "event_properties":{"date":"2019-04-05 15:44:27.492072+00"}}
{"user_id":"122", "event_type":"collecting_approve", "event_properties":{"date":"2019-04-05 16:48:15.660733+0"}}
{"user_id":"122", "event_type":"collecting_money", "event_properties":{"date":"2019-04-08 13:52:21.041498+00"}}
{"user_id":"122", "event_type":"money_collected", "event_properties":{"date":"2019-04-12 14:34:54.626721+00"}}
{"user_id":"122", "event_type":"borrower_agreed_withdraw", "event_properties":{"date":"2019-04-12 15:02:26.836527+0"}}
{"user_id":"122", "event_type":"sending_money", "event_properties":{"date":"2019-04-12 15:31:42.254447+0"}}
{"user_id":"122", "event_type":"money_sent", "event_properties":{"date":"2019-04-15 00:00:00.0082+0"}}
{"user_id":"122", "event_type":"loan_withdraw", "event_properties":{"date":"2019-04-15 01:00:20.293754+00"}}
{"user_id":"128", "event_type":"new", "event_properties":{"date":"2019-04-04 06:41:34.286238+00"}}
{"user_id":"128", "event_type":"rejected", "event_properties":{"date":"2019-04-08 08:41:43.895592+00"}}
{"user_id":"129", "event_type":"new", "event_properties":{"date":"2019-04-04 06:48:02.644507+00"}}
{"user_id":"129", "event_type":"approved", "event_properties":{"date":"2019-04-05 08:42:54.612342+00"}}
{"user_id":"129", "event_type":"creating_project", "event_properties":{"date":"2019-04-05 15:41:40.227958+00"}}
{"user_id":"129", "event_type":"ready_for_collect", "event_properties":{"date":"2019-04-05 15:44:23.605371+00"}}
{"user_id":"129", "event_type":"collecting_approve", "event_properties":{"date":"2019-04-06 09:45:08.959267+0"}}
{"user_id":"129", "event_type":"collecting_money", "event_properties":{"date":"2019-04-08 13:52:21.250495+00"}}
{"user_id":"129", "event_type":"money_collected", "event_properties":{"date":"2019-04-12 14:34:54.626721+00"}}
{"user_id":"129", "event_type":"borrower_agreed_withdraw", "event_properties":{"date":"2019-04-13 07:36:46.289959+0"}}
{"user_id":"129", "event_type":"sending_money", "event_properties":{"date":"2019-04-13 07:36:55.427597+0"}}
{"user_id":"129", "event_type":"money_sent", "event_properties":{"date":"2019-04-15 00:00:00.0082+0"}}
{"user_id":"129", "event_type":"loan_withdraw", "event_properties":{"date":"2019-04-15 01:00:12.747353+00"}}
{"user_id":"133", "event_type":"new", "event_properties":{"date":"2019-04-04 10:31:17.389208+00"}}
{"user_id":"133", "event_type":"approved", "event_properties":{"date":"2019-04-05 13:57:34.255048+00"}}
{"user_id":"133", "event_type":"creating_project", "event_properties":{"date":"2019-04-05 15:41:35.027828+00"}}
{"user_id":"133", "event_type":"ready_for_collect", "event_properties":{"date":"2019-04-05 15:44:19.031152+00"}}
{"user_id":"133", "event_type":"collecting_approve", "event_properties":{"date":"2019-04-07 13:11:34.084317+0"}}
{"user_id":"133", "event_type":"collecting_money", "event_properties":{"date":"2019-04-08 13:52:21.303989+00"}}
{"user_id":"133", "event_type":"money_collected", "event_properties":{"date":"2019-04-12 14:34:54.626721+00"}}
{"user_id":"133", "event_type":"borrower_agreed_withdraw", "event_properties":{"date":"2019-04-12 15:18:22.49117+0"}}
{"user_id":"133", "event_type":"sending_money", "event_properties":{"date":"2019-04-12 15:18:28.607154+0"}}
{"user_id":"133", "event_type":"money_sent", "event_properties":{"date":"2019-04-15 00:00:00.0082+0"}}
{"user_id":"133", "event_type":"loan_withdraw", "event_properties":{"date":"2019-04-15 01:00:16.654833+00"}}
{"user_id":"137", "event_type":"new", "event_properties":{"date":"2019-04-04 13:42:11.701604+00"}}
{"user_id":"137", "event_type":"rejected", "event_properties":{"date":"2019-04-11 08:05:42.713696+00"}}
{"user_id":"140", "event_type":"new", "event_properties":{"date":"2019-04-05 13:14:07.379552+00"}}
{"user_id":"140", "event_type":"approved", "event_properties":{"date":"2019-04-10 07:35:43.963281+00"}}
{"user_id":"140", "event_type":"creating_project", "event_properties":{"date":"2019-04-19 15:02:38.940964+00"}}
{"user_id":"140", "event_type":"ready_for_collect", "event_properties":{"date":"2019-04-19 15:04:24.445201+00"}}
{"user_id":"140", "event_type":"collecting_approve", "event_properties":{"date":"2019-04-23 06:33:11.80731+0"}}
{"user_id":"140", "event_type":"collecting_money", "event_properties":{"date":"2019-04-24 09:37:46.539939+00"}}
{"user_id":"140", "event_type":"money_collected", "event_properties":{"date":"2019-04-25 09:33:33.05046+00"}}
{"user_id":"140", "event_type":"borrower_agreed_withdraw", "event_properties":{"date":"2019-04-25 12:59:43.889778+0"}}
{"user_id":"140", "event_type":"sending_money", "event_properties":{"date":"2019-04-25 14:05:41.204932+0"}}
{"user_id":"140", "event_type":"money_sent", "event_properties":{"date":"2019-04-26 15:00:00.009264+0"}}
{"user_id":"140", "event_type":"loan_withdraw", "event_properties":{"date":"2019-04-27 01:00:05.203044+00"}}
{"user_id":"149", "event_type":"new", "event_properties":{"date":"2019-04-05 08:55:11.964262+00"}}
{"user_id":"149", "event_type":"rejected", "event_properties":{"date":"2019-04-08 12:11:09.596462+00"}}
{"user_id":"153", "event_type":"new", "event_properties":{"date":"2019-04-12 09:40:00.508363+00"}}
{"user_id":"153", "event_type":"rejected", "event_properties":{"date":"2019-04-15 14:24:14.722249+00"}}
{"user_id":"156", "event_type":"new", "event_properties":{"date":"2019-04-07 17:24:22.034035+00"}}
{"user_id":"156", "event_type":"rejected", "event_properties":{"date":"2019-04-10 12:40:29.362368+00"}}
{"user_id":"156", "event_type":"rejected", "event_properties":{"date":"2019-04-10 12:40:34.111811+00"}}
{"user_id":"158", "event_type":"new", "event_properties":{"date":"2019-04-08 13:21:32.475467+00"}}
{"user_id":"158", "event_type":"approved", "event_properties":{"date":"2019-04-12 10:59:26.815057+00"}}
{"user_id":"158", "event_type":"creating_project", "event_properties":{"date":"2019-04-19 15:02:36.728884+00"}}
{"user_id":"158", "event_type":"ready_for_collect", "event_properties":{"date":"2019-04-19 15:04:20.009087+00"}}
{"user_id":"158", "event_type":"collecting_approve", "event_properties":{"date":"2019-04-20 16:26:21.269954+0"}}
{"user_id":"158", "event_type":"collecting_money", "event_properties":{"date":"2019-04-24 09:37:51.428532+00"}}
{"user_id":"158", "event_type":"money_collected", "event_properties":{"date":"2019-04-25 09:33:33.05046+00"}}
{"user_id":"158", "event_type":"borrower_agreed_withdraw", "event_properties":{"date":"2019-04-25 14:44:18.628132+0"}}
{"user_id":"158", "event_type":"sending_money", "event_properties":{"date":"2019-04-25 14:44:25.625172+0"}}
{"user_id":"158", "event_type":"money_sent", "event_properties":{"date":"2019-04-26 15:00:00.009264+0"}}
{"user_id":"158", "event_type":"loan_withdraw", "event_properties":{"date":"2019-04-27 01:00:18.926611+00"}}
{"user_id":"178", "event_type":"new", "event_properties":{"date":"2019-04-26 13:39:50.161914+00"}}
{"user_id":"178", "event_type":"pre_rejected", "event_properties":{"date":"2019-04-30 05:42:25.272816+00"}}
{"user_id":"178", "event_type":"rejected", "event_properties":{"date":"2019-04-30 07:17:58.235304+00"}}
{"user_id":"188", "event_type":"new", "event_properties":{"date":"2019-04-09 10:31:41.756608+00"}}
{"user_id":"188", "event_type":"rejected", "event_properties":{"date":"2019-04-10 12:08:45.111345+00"}}
{"user_id":"190", "event_type":"new", "event_properties":{"date":"2019-04-09 22:35:00.016423+00"}}
{"user_id":"190", "event_type":"rejected", "event_properties":{"date":"2019-04-10 12:34:12.79031+00"}}
{"user_id":"191", "event_type":"new", "event_properties":{"date":"2019-04-26 10:23:08.192816+00"}}
{"user_id":"191", "event_type":"pre_rejected", "event_properties":{"date":"2019-05-08 09:30:16.271002+00"}}
{"user_id":"191", "event_type":"rejected", "event_properties":{"date":"2019-05-08 11:42:26.377307+00"}}
{"user_id":"194", "event_type":"new", "event_properties":{"date":"2019-04-10 11:06:43.621438+00"}}
{"user_id":"194", "event_type":"rejected", "event_properties":{"date":"2019-04-11 07:22:16.812462+00"}}
{"user_id":"196", "event_type":"new", "event_properties":{"date":"2019-04-12 13:33:27.647734+00"}}
{"user_id":"196", "event_type":"rejected", "event_properties":{"date":"2019-04-15 06:55:57.829197+00"}}
{"user_id":"200", "event_type":"new", "event_properties":{"date":"2019-04-11 06:30:43.642947+00"}}
{"user_id":"200", "event_type":"rejected", "event_properties":{"date":"2019-04-11 07:41:48.101158+00"}}
{"user_id":"204", "event_type":"new", "event_properties":{"date":"2019-04-12 10:52:22.961679+00"}}
{"user_id":"204", "event_type":"approved", "event_properties":{"date":"2019-04-15 11:42:00.304765+00"}}
{"user_id":"204", "event_type":"creating_project", "event_properties":{"date":"2019-04-19 15:02:34.29676+00"}}
{"user_id":"204", "event_type":"ready_for_collect", "event_properties":{"date":"2019-04-19 15:04:15.030956+00"}}
{"user_id":"204", "event_type":"approved", "event_properties":{"date":"2019-04-23 15:10:26.151663+00"}}
{"user_id":"204", "event_type":"rejected", "event_properties":{"date":"2019-04-30 09:39:05.193712+00"}}
{"user_id":"205", "event_type":"new", "event_properties":{"date":"2019-04-11 13:17:20.345086+00"}}
{"user_id":"205", "event_type":"approved", "event_properties":{"date":"2019-04-15 11:34:10.459285+00"}}
{"user_id":"205", "event_type":"creating_project", "event_properties":{"date":"2019-04-19 15:02:30.949874+00"}}
{"user_id":"205", "event_type":"ready_for_collect", "event_properties":{"date":"2019-04-19 15:04:10.932265+00"}}
{"user_id":"205", "event_type":"collecting_approve", "event_properties":{"date":"2019-04-23 08:31:08.065884+0"}}
{"user_id":"205", "event_type":"collecting_money", "event_properties":{"date":"2019-04-24 09:37:48.452828+00"}}
{"user_id":"205", "event_type":"money_collected", "event_properties":{"date":"2019-04-25 09:33:33.05046+00"}}
{"user_id":"205", "event_type":"borrower_agreed_withdraw", "event_properties":{"date":"2019-04-25 15:04:33.089445+0"}}
{"user_id":"205", "event_type":"sending_money", "event_properties":{"date":"2019-04-25 15:04:41.022117+0"}}
{"user_id":"205", "event_type":"money_sent", "event_properties":{"date":"2019-04-26 16:00:00.00117+0"}}
{"user_id":"205", "event_type":"loan_withdraw", "event_properties":{"date":"2019-04-27 01:00:09.749571+00"}}
{"user_id":"206", "event_type":"new", "event_properties":{"date":"2019-04-15 10:15:06.764766+00"}}
{"user_id":"206", "event_type":"rejected", "event_properties":{"date":"2019-04-16 04:56:10.856614+00"}}
{"user_id":"208", "event_type":"new", "event_properties":{"date":"2019-04-11 15:04:39.648591+00"}}
{"user_id":"208", "event_type":"rejected", "event_properties":{"date":"2019-04-12 08:59:24.689476+00"}}
{"user_id":"211", "event_type":"new", "event_properties":{"date":"2019-04-26 11:42:48.9591+00"}}
{"user_id":"211", "event_type":"pre_approved", "event_properties":{"date":"2019-04-30 08:11:11.977221+00"}}
{"user_id":"211", "event_type":"approved", "event_properties":{"date":"2019-04-30 08:13:11.145525+00"}}
{"user_id":"211", "event_type":"creating_project", "event_properties":{"date":"2019-04-30 09:45:55.101448+00"}}
{"user_id":"211", "event_type":"ready_for_collect", "event_properties":{"date":"2019-04-30 11:50:00.969762+00"}}
{"user_id":"211", "event_type":"collecting_approve", "event_properties":{"date":"2019-05-08 09:32:20.374955+0"}}
{"user_id":"211", "event_type":"collecting_money", "event_properties":{"date":"2019-05-08 15:18:26.055102+00"}}
{"user_id":"211", "event_type":"money_collected", "event_properties":{"date":"2019-05-13 15:53:24.173394+00"}}
{"user_id":"211", "event_type":"borrower_agreed_withdraw", "event_properties":{"date":"2019-05-14 19:54:41.743907+0"}}
{"user_id":"211", "event_type":"sending_money", "event_properties":{"date":"2019-05-15 11:05:11.396196+0"}}
{"user_id":"211", "event_type":"money_sent", "event_properties":{"date":"2019-05-16 12:00:00.013555+0"}}
{"user_id":"211", "event_type":"loan_withdraw", "event_properties":{"date":"2019-05-17 01:00:22.315178+00"}}
{"user_id":"215", "event_type":"new", "event_properties":{"date":"2019-04-13 11:39:12.617389+00"}}
{"user_id":"215", "event_type":"approved_with_changes", "event_properties":{"date":"2019-04-19 15:00:14.86812+00"}}
{"user_id":"215", "event_type":"creating_project", "event_properties":{"date":"2019-04-19 15:02:23.849605+00"}}
{"user_id":"215", "event_type":"ready_for_collect", "event_properties":{"date":"2019-04-19 15:04:05.631202+00"}}
{"user_id":"215", "event_type":"collecting_approve", "event_properties":{"date":"2019-04-22 12:26:12.878187+0"}}
{"user_id":"215", "event_type":"collecting_money", "event_properties":{"date":"2019-04-24 09:37:49.828101+00"}}
{"user_id":"215", "event_type":"money_collected", "event_properties":{"date":"2019-04-25 09:33:33.05046+00"}}
{"user_id":"215", "event_type":"borrower_agreed_withdraw", "event_properties":{"date":"2019-04-25 09:38:37.792408+0"}}
{"user_id":"215", "event_type":"sending_money", "event_properties":{"date":"2019-04-25 14:06:05.201891+0"}}
{"user_id":"215", "event_type":"money_sent", "event_properties":{"date":"2019-04-26 15:00:00.009264+0"}}
{"user_id":"215", "event_type":"loan_withdraw", "event_properties":{"date":"2019-04-27 01:00:14.282354+00"}}
{"user_id":"217", "event_type":"new", "event_properties":{"date":"2019-04-12 10:35:40.673812+00"}}
{"user_id":"217", "event_type":"rejected", "event_properties":{"date":"2019-04-12 12:18:15.636706+00"}}
{"user_id":"218", "event_type":"new", "event_properties":{"date":"2019-04-12 13:55:56.471608+00"}}
{"user_id":"218", "event_type":"rejected", "event_properties":{"date":"2019-04-12 14:23:43.262616+00"}}
{"user_id":"219", "event_type":"new", "event_properties":{"date":"2019-04-12 14:03:51.632454+00"}}
{"user_id":"219", "event_type":"rejected", "event_properties":{"date":"2019-04-15 07:29:28.529736+00"}}
{"user_id":"222", "event_type":"new", "event_properties":{"date":"2019-04-12 17:14:09.800055+00"}}
{"user_id":"222", "event_type":"rejected", "event_properties":{"date":"2019-04-18 14:00:34.966278+00"}}
{"user_id":"223", "event_type":"new", "event_properties":{"date":"2019-04-12 18:20:18.626402+00"}}
{"user_id":"223", "event_type":"rejected", "event_properties":{"date":"2019-04-17 11:20:16.05525+00"}}
{"user_id":"232", "event_type":"new", "event_properties":{"date":"2019-04-15 07:52:22.41812+00"}}
{"user_id":"232", "event_type":"rejected", "event_properties":{"date":"2019-04-16 09:25:01.134964+00"}}
{"user_id":"234", "event_type":"new", "event_properties":{"date":"2019-04-26 07:12:36.188484+00"}}
{"user_id":"234", "event_type":"rejected", "event_properties":{"date":"2019-04-26 10:32:47.566632+00"}}
{"user_id":"236", "event_type":"new", "event_properties":{"date":"2019-04-15 09:49:46.680532+00"}}
{"user_id":"236", "event_type":"pre_approved", "event_properties":{"date":"2019-04-29 14:40:29.457671+00"}}
{"user_id":"236", "event_type":"approved", "event_properties":{"date":"2019-04-29 15:01:10.920166+00"}}
{"user_id":"236", "event_type":"creating_project", "event_properties":{"date":"2019-04-30 09:46:13.771796+00"}}
{"user_id":"236", "event_type":"ready_for_collect", "event_properties":{"date":"2019-04-30 11:49:55.183792+00"}}
{"user_id":"236", "event_type":"collecting_approve", "event_properties":{"date":"2019-05-07 10:59:00.127868+0"}}
{"user_id":"236", "event_type":"collecting_money", "event_properties":{"date":"2019-05-08 15:18:28.083664+00"}}
{"user_id":"236", "event_type":"money_collected", "event_properties":{"date":"2019-05-13 15:53:24.173394+00"}}
{"user_id":"236", "event_type":"borrower_agreed_withdraw", "event_properties":{"date":"2019-05-14 06:28:52.100016+0"}}
{"user_id":"236", "event_type":"sending_money", "event_properties":{"date":"2019-05-15 11:04:58.906264+0"}}
{"user_id":"236", "event_type":"money_sent", "event_properties":{"date":"2019-05-16 12:00:00.013555+0"}}
{"user_id":"236", "event_type":"loan_withdraw", "event_properties":{"date":"2019-05-17 01:00:17.267987+00"}}
{"user_id":"238", "event_type":"new", "event_properties":{"date":"2019-04-16 05:48:20.12406+00"}}
{"user_id":"238", "event_type":"approved_with_changes", "event_properties":{"date":"2019-04-23 07:38:48.201935+00"}}
{"user_id":"238", "event_type":"creating_project", "event_properties":{"date":"2019-04-23 10:54:51.076188+00"}}
{"user_id":"238", "event_type":"ready_for_collect", "event_properties":{"date":"2019-04-23 10:56:55.659969+00"}}
{"user_id":"238", "event_type":"collecting_approve", "event_properties":{"date":"2019-04-23 13:20:45.550991+0"}}
{"user_id":"238", "event_type":"collecting_money", "event_properties":{"date":"2019-04-24 09:37:53.703572+00"}}
{"user_id":"238", "event_type":"money_collected", "event_properties":{"date":"2019-04-25 09:33:33.05046+00"}}
{"user_id":"238", "event_type":"borrower_agreed_withdraw", "event_properties":{"date":"2019-04-25 17:20:09.45176+0"}}
{"user_id":"238", "event_type":"sending_money", "event_properties":{"date":"2019-04-25 17:20:19.546802+0"}}
{"user_id":"238", "event_type":"money_sent", "event_properties":{"date":"2019-04-26 17:59:59.992844+0"}}
{"user_id":"238", "event_type":"loan_withdraw", "event_properties":{"date":"2019-04-27 01:00:23.021265+00"}}
{"user_id":"239", "event_type":"new", "event_properties":{"date":"2019-04-17 11:07:41.35469+00"}}
{"user_id":"239", "event_type":"rejected", "event_properties":{"date":"2019-04-17 13:56:38.275761+00"}}
{"user_id":"244", "event_type":"new", "event_properties":{"date":"2019-04-22 09:18:14.444988+00"}}
{"user_id":"244", "event_type":"approved", "event_properties":{"date":"2019-04-25 09:28:16.592052+00"}}
{"user_id":"244", "event_type":"creating_project", "event_properties":{"date":"2019-04-25 13:40:03.900287+00"}}
{"user_id":"244", "event_type":"approved", "event_properties":{"date":"2019-04-30 09:41:22.606976+00"}}
{"user_id":"244", "event_type":"creating_project", "event_properties":{"date":"2019-04-30 09:50:22.884332+00"}}
{"user_id":"244", "event_type":"ready_for_collect", "event_properties":{"date":"2019-04-30 11:49:48.706178+00"}}
{"user_id":"244", "event_type":"collecting_approve", "event_properties":{"date":"2019-05-13 08:05:54.554655+0"}}
{"user_id":"244", "event_type":"collecting_money", "event_properties":{"date":"2019-05-24 07:06:48.892718+00"}}
{"user_id":"244", "event_type":"money_collected", "event_properties":{"date":"2019-05-25 06:45:45.709358+00"}}
{"user_id":"244", "event_type":"borrower_agreed_withdraw", "event_properties":{"date":"2019-05-28 09:51:36.66767+0"}}
{"user_id":"244", "event_type":"sending_money", "event_properties":{"date":"2019-05-28 09:51:48.602466+0"}}
{"user_id":"244", "event_type":"money_sent", "event_properties":{"date":"2019-05-29 10:00:00.013567+0"}}
{"user_id":"244", "event_type":"loan_withdraw", "event_properties":{"date":"2019-05-30 01:00:05.777136+00"}}
{"user_id":"245", "event_type":"new", "event_properties":{"date":"2019-04-17 11:09:16.571053+00"}}
{"user_id":"245", "event_type":"rejected", "event_properties":{"date":"2019-04-18 09:02:51.407714+00"}}
{"user_id":"249", "event_type":"new", "event_properties":{"date":"2019-04-18 09:13:42.668979+00"}}
{"user_id":"249", "event_type":"rejected", "event_properties":{"date":"2019-04-18 14:21:57.031835+00"}}
{"user_id":"250", "event_type":"new", "event_properties":{"date":"2019-04-22 11:34:01.361409+00"}}
{"user_id":"250", "event_type":"rejected", "event_properties":{"date":"2019-04-23 07:48:54.763084+00"}}
{"user_id":"251", "event_type":"new", "event_properties":{"date":"2019-04-26 11:08:50.683535+00"}}
{"user_id":"251", "event_type":"pre_approved", "event_properties":{"date":"2019-04-30 13:23:38.249312+00"}}
{"user_id":"251", "event_type":"new", "event_properties":{"date":"2019-04-30 13:27:31.812446+00"}}
{"user_id":"251", "event_type":"pre_approved", "event_properties":{"date":"2019-04-30 13:33:36.553839+00"}}
{"user_id":"251", "event_type":"approved_with_changes", "event_properties":{"date":"2019-04-30 13:40:14.007589+00"}}
{"user_id":"251", "event_type":"creating_project", "event_properties":{"date":"2019-04-30 17:10:28.532262+00"}}
{"user_id":"251", "event_type":"ready_for_collect", "event_properties":{"date":"2019-04-30 17:10:34.306677+00"}}
{"user_id":"251", "event_type":"collecting_approve", "event_properties":{"date":"2019-05-07 12:26:16.11453+0"}}
{"user_id":"251", "event_type":"collecting_money", "event_properties":{"date":"2019-05-08 15:18:25.743376+00"}}
{"user_id":"251", "event_type":"money_collected", "event_properties":{"date":"2019-05-13 15:53:24.173394+00"}}
{"user_id":"251", "event_type":"borrower_agreed_withdraw", "event_properties":{"date":"2019-05-13 16:04:08.943166+0"}}
{"user_id":"251", "event_type":"sending_money", "event_properties":{"date":"2019-05-13 16:04:18.538712+0"}}
{"user_id":"251", "event_type":"money_sent", "event_properties":{"date":"2019-05-14 17:00:00.007408+0"}}
{"user_id":"251", "event_type":"loan_withdraw", "event_properties":{"date":"2019-05-15 01:00:05.500148+00"}}
{"user_id":"253", "event_type":"new", "event_properties":{"date":"2019-04-18 14:07:21.938736+00"}}
{"user_id":"253", "event_type":"rejected", "event_properties":{"date":"2019-04-19 06:11:03.001534+00"}}
{"user_id":"254", "event_type":"new", "event_properties":{"date":"2019-04-18 14:34:08.04565+00"}}
{"user_id":"254", "event_type":"rejected", "event_properties":{"date":"2019-04-19 09:27:31.910722+00"}}
{"user_id":"255", "event_type":"new", "event_properties":{"date":"2019-04-18 13:18:07.771505+00"}}
{"user_id":"255", "event_type":"rejected", "event_properties":{"date":"2019-04-19 06:11:23.801884+00"}}
{"user_id":"256", "event_type":"new", "event_properties":{"date":"2019-04-19 14:53:58.838318+00"}}
{"user_id":"256", "event_type":"approved", "event_properties":{"date":"2019-04-23 12:07:41.082987+00"}}
{"user_id":"256", "event_type":"creating_project", "event_properties":{"date":"2019-04-23 13:13:51.25652+00"}}
{"user_id":"256", "event_type":"ready_for_collect", "event_properties":{"date":"2019-04-23 14:00:44.049499+00"}}
{"user_id":"256", "event_type":"collecting_approve", "event_properties":{"date":"2019-04-30 14:58:04.668571+0"}}
{"user_id":"256", "event_type":"collecting_money", "event_properties":{"date":"2019-05-08 15:18:26.526922+00"}}
{"user_id":"256", "event_type":"money_collected", "event_properties":{"date":"2019-05-13 15:53:24.173394+00"}}
{"user_id":"256", "event_type":"borrower_agreed_withdraw", "event_properties":{"date":"2019-05-14 08:40:06.422192+0"}}
{"user_id":"256", "event_type":"sending_money", "event_properties":{"date":"2019-05-15 11:04:33.458997+0"}}
{"user_id":"256", "event_type":"money_sent", "event_properties":{"date":"2019-05-16 12:00:00.013555+0"}}
{"user_id":"256", "event_type":"loan_withdraw", "event_properties":{"date":"2019-05-17 01:00:12.21484+00"}}
{"user_id":"259", "event_type":"new", "event_properties":{"date":"2019-04-20 09:21:04.479565+00"}}
{"user_id":"259", "event_type":"rejected", "event_properties":{"date":"2019-04-22 09:03:24.877466+00"}}
{"user_id":"260", "event_type":"new", "event_properties":{"date":"2019-05-04 07:32:21.647928+00"}}
{"user_id":"260", "event_type":"pre_rejected", "event_properties":{"date":"2019-05-06 11:12:51.899449+00"}}
{"user_id":"260", "event_type":"rejected", "event_properties":{"date":"2019-05-06 12:30:54.700357+00"}}
{"user_id":"261", "event_type":"new", "event_properties":{"date":"2019-04-22 11:58:39.00285+00"}}
{"user_id":"261", "event_type":"rejected", "event_properties":{"date":"2019-04-26 05:17:43.346048+00"}}
{"user_id":"264", "event_type":"new", "event_properties":{"date":"2019-04-22 15:28:57.754241+00"}}
{"user_id":"264", "event_type":"rejected", "event_properties":{"date":"2019-04-23 08:49:24.539513+00"}}
{"user_id":"265", "event_type":"new", "event_properties":{"date":"2019-04-22 13:17:29.12977+00"}}
{"user_id":"265", "event_type":"rejected", "event_properties":{"date":"2019-04-26 09:51:00.39214+00"}}
{"user_id":"266", "event_type":"new", "event_properties":{"date":"2019-04-23 08:13:34.745183+00"}}
{"user_id":"266", "event_type":"rejected", "event_properties":{"date":"2019-04-23 08:50:14.887433+00"}}
{"user_id":"268", "event_type":"new", "event_properties":{"date":"2019-04-25 10:27:41.388464+00"}}
{"user_id":"268", "event_type":"approved", "event_properties":{"date":"2019-04-26 09:18:51.857375+00"}}
{"user_id":"268", "event_type":"creating_project", "event_properties":{"date":"2019-04-30 09:46:00.983281+00"}}
{"user_id":"268", "event_type":"ready_for_collect", "event_properties":{"date":"2019-04-30 11:49:44.200343+00"}}
{"user_id":"268", "event_type":"cancel_collecting", "event_properties":{"date":"2019-05-24 12:38:50.360214+00"}}
{"user_id":"270", "event_type":"new", "event_properties":{"date":"2019-04-23 11:49:01.389538+00"}}
{"user_id":"270", "event_type":"rejected", "event_properties":{"date":"2019-04-25 04:52:43.952297+00"}}
{"user_id":"275", "event_type":"new", "event_properties":{"date":"2019-04-30 14:10:02.805141+00"}}
{"user_id":"275", "event_type":"pre_rejected", "event_properties":{"date":"2019-05-06 07:56:31.411837+00"}}
{"user_id":"275", "event_type":"rejected", "event_properties":{"date":"2019-05-06 08:23:10.07757+00"}}
{"user_id":"276", "event_type":"new", "event_properties":{"date":"2019-04-23 14:01:29.781567+00"}}
{"user_id":"276", "event_type":"approved", "event_properties":{"date":"2019-04-23 14:41:51.381116+00"}}
{"user_id":"276", "event_type":"creating_project", "event_properties":{"date":"2019-04-23 14:44:37.821432+00"}}
{"user_id":"276", "event_type":"ready_for_collect", "event_properties":{"date":"2019-04-23 14:44:49.255425+00"}}
{"user_id":"276", "event_type":"collecting_approve", "event_properties":{"date":"2019-04-24 09:13:44.14968+0"}}
{"user_id":"276", "event_type":"collecting_money", "event_properties":{"date":"2019-04-24 09:37:53.831503+00"}}
{"user_id":"276", "event_type":"money_collected", "event_properties":{"date":"2019-04-25 09:33:33.05046+00"}}
{"user_id":"276", "event_type":"borrower_agreed_withdraw", "event_properties":{"date":"2019-04-25 09:59:46.0213+0"}}
{"user_id":"276", "event_type":"sending_money", "event_properties":{"date":"2019-04-25 14:06:18.224103+0"}}
{"user_id":"276", "event_type":"money_sent", "event_properties":{"date":"2019-04-26 15:00:00.009264+0"}}
{"user_id":"276", "event_type":"loan_withdraw", "event_properties":{"date":"2019-04-27 01:00:28.221634+00"}}
{"user_id":"278", "event_type":"new", "event_properties":{"date":"2019-05-13 07:35:59.009683+00"}}
{"user_id":"278", "event_type":"pre_rejected", "event_properties":{"date":"2019-05-13 13:20:14.417457+00"}}
{"user_id":"278", "event_type":"rejected", "event_properties":{"date":"2019-05-14 16:02:08.413164+00"}}
{"user_id":"281", "event_type":"new", "event_properties":{"date":"2019-05-21 14:56:03.041171+00"}}
{"user_id":"281", "event_type":"pre_approved", "event_properties":{"date":"2019-05-23 09:19:46.562051+00"}}
{"user_id":"281", "event_type":"approved", "event_properties":{"date":"2019-05-27 07:53:36.12659+00"}}
{"user_id":"281", "event_type":"cancel_collecting", "event_properties":{"date":"2019-05-27 07:55:30.748704+00"}}
{"user_id":"285", "event_type":"new", "event_properties":{"date":"2019-04-25 09:00:35.758386+00"}}
{"user_id":"285", "event_type":"rejected", "event_properties":{"date":"2019-04-26 08:01:19.325287+00"}}
{"user_id":"292", "event_type":"new", "event_properties":{"date":"2019-04-30 06:38:44.703559+00"}}
{"user_id":"292", "event_type":"pre_rejected", "event_properties":{"date":"2019-04-30 12:58:55.697118+00"}}
{"user_id":"292", "event_type":"rejected", "event_properties":{"date":"2019-04-30 13:01:32.181894+00"}}
{"user_id":"293", "event_type":"new", "event_properties":{"date":"2019-04-29 11:07:08.24619+00"}}
{"user_id":"293", "event_type":"pre_rejected", "event_properties":{"date":"2019-04-29 12:48:57.263997+00"}}
{"user_id":"293", "event_type":"rejected", "event_properties":{"date":"2019-04-29 12:50:31.75356+00"}}
{"user_id":"300", "event_type":"new", "event_properties":{"date":"2019-04-30 08:09:49.351198+00"}}
{"user_id":"300", "event_type":"pre_rejected", "event_properties":{"date":"2019-04-30 08:23:17.968925+00"}}
{"user_id":"300", "event_type":"rejected", "event_properties":{"date":"2019-04-30 09:07:33.398398+00"}}
{"user_id":"304", "event_type":"new", "event_properties":{"date":"2019-04-29 16:30:04.823817+00"}}
{"user_id":"304", "event_type":"pre_rejected", "event_properties":{"date":"2019-04-30 05:11:26.330888+00"}}
{"user_id":"304", "event_type":"rejected", "event_properties":{"date":"2019-04-30 07:13:00.879267+00"}}
{"user_id":"306", "event_type":"new", "event_properties":{"date":"2019-04-30 09:46:01.799386+00"}}
{"user_id":"306", "event_type":"pre_approved", "event_properties":{"date":"2019-05-07 06:25:53.604559+00"}}
{"user_id":"306", "event_type":"new", "event_properties":{"date":"2019-05-07 12:51:49.997404+00"}}
{"user_id":"306", "event_type":"pre_approved", "event_properties":{"date":"2019-05-07 13:15:20.372867+00"}}
{"user_id":"306", "event_type":"approved_with_changes", "event_properties":{"date":"2019-05-07 13:44:24.121015+00"}}
{"user_id":"306", "event_type":"creating_project", "event_properties":{"date":"2019-05-07 14:09:54.317716+00"}}
{"user_id":"306", "event_type":"ready_for_collect", "event_properties":{"date":"2019-05-07 14:10:03.162378+00"}}
{"user_id":"306", "event_type":"new", "event_properties":{"date":"2019-06-04 07:50:49.152874+00"}}
{"user_id":"306", "event_type":"pre_approved", "event_properties":{"date":"2019-06-04 08:32:17.925558+00"}}
{"user_id":"306", "event_type":"approved", "event_properties":{"date":"2019-06-04 10:37:59.009053+00"}}
{"user_id":"306", "event_type":"creating_project", "event_properties":{"date":"2019-06-05 13:06:56.059057+00"}}
{"user_id":"306", "event_type":"ready_for_collect", "event_properties":{"date":"2019-06-05 13:07:00.653709+00"}}
{"user_id":"306", "event_type":"collecting_approve", "event_properties":{"date":"2019-06-06 08:32:22.275909+0"}}
{"user_id":"306", "event_type":"collecting_money", "event_properties":{"date":"2019-06-14 08:23:53.286655+00"}}
{"user_id":"306", "event_type":"money_collected", "event_properties":{"date":"2019-06-14 14:27:08.372553+00"}}
{"user_id":"306", "event_type":"borrower_agreed_withdraw", "event_properties":{"date":"2019-06-15 09:21:17.747288+0"}}
{"user_id":"306", "event_type":"sending_money", "event_properties":{"date":"2019-06-15 09:21:26.247873+0"}}
{"user_id":"306", "event_type":"money_sent", "event_properties":{"date":"2019-06-17 00:00:00.015031+0"}}
{"user_id":"306", "event_type":"loan_withdraw", "event_properties":{"date":"2019-06-17 01:00:04.802445+00"}}
{"user_id":"308", "event_type":"new", "event_properties":{"date":"2019-05-06 03:44:59.159524+00"}}
{"user_id":"308", "event_type":"pre_rejected", "event_properties":{"date":"2019-05-06 06:41:37.072896+00"}}
{"user_id":"308", "event_type":"new", "event_properties":{"date":"2019-05-06 07:46:35.38341+00"}}
{"user_id":"308", "event_type":"pre_rejected", "event_properties":{"date":"2019-05-06 07:48:18.939928+00"}}
{"user_id":"308", "event_type":"rejected", "event_properties":{"date":"2019-05-06 07:54:00.953597+00"}}
{"user_id":"310", "event_type":"new", "event_properties":{"date":"2019-05-03 10:07:17.277726+00"}}
{"user_id":"310", "event_type":"pre_approved", "event_properties":{"date":"2019-05-06 05:05:34.356011+00"}}
{"user_id":"310", "event_type":"approved", "event_properties":{"date":"2019-05-06 07:24:16.756378+00"}}
{"user_id":"310", "event_type":"creating_project", "event_properties":{"date":"2019-05-07 11:19:17.281461+00"}}
{"user_id":"310", "event_type":"ready_for_collect", "event_properties":{"date":"2019-05-07 13:05:05.356704+00"}}
{"user_id":"310", "event_type":"collecting_approve", "event_properties":{"date":"2019-05-07 13:43:36.241937+0"}}
{"user_id":"310", "event_type":"collecting_money", "event_properties":{"date":"2019-05-08 15:18:28.351793+00"}}
{"user_id":"310", "event_type":"money_collected", "event_properties":{"date":"2019-05-13 15:53:24.173394+00"}}
{"user_id":"310", "event_type":"borrower_agreed_withdraw", "event_properties":{"date":"2019-05-13 16:16:19.545545+0"}}
{"user_id":"310", "event_type":"sending_money", "event_properties":{"date":"2019-05-15 11:04:15.266295+0"}}
{"user_id":"310", "event_type":"money_sent", "event_properties":{"date":"2019-05-16 12:00:00.013555+0"}}
{"user_id":"310", "event_type":"loan_withdraw", "event_properties":{"date":"2019-05-17 01:00:05.467951+00"}}
{"user_id":"313", "event_type":"new", "event_properties":{"date":"2019-05-20 08:37:25.976122+00"}}
{"user_id":"313", "event_type":"pre_approved", "event_properties":{"date":"2019-05-21 07:24:23.938574+00"}}
{"user_id":"313", "event_type":"approved", "event_properties":{"date":"2019-05-21 09:00:41.849743+00"}}
{"user_id":"313", "event_type":"creating_project", "event_properties":{"date":"2019-05-21 09:43:03.326809+00"}}
{"user_id":"313", "event_type":"ready_for_collect", "event_properties":{"date":"2019-05-21 09:43:44.639966+00"}}
{"user_id":"313", "event_type":"collecting_approve", "event_properties":{"date":"2019-05-23 10:22:00.594665+0"}}
{"user_id":"313", "event_type":"collecting_money", "event_properties":{"date":"2019-05-24 07:06:51.347464+00"}}
{"user_id":"313", "event_type":"money_collected", "event_properties":{"date":"2019-05-25 06:45:45.709358+00"}}
{"user_id":"313", "event_type":"borrower_agreed_withdraw", "event_properties":{"date":"2019-05-26 11:39:38.78899+0"}}
{"user_id":"313", "event_type":"sending_money", "event_properties":{"date":"2019-05-27 13:35:01.026774+0"}}
{"user_id":"313", "event_type":"money_sent", "event_properties":{"date":"2019-05-28 14:00:00.011496+0"}}
{"user_id":"313", "event_type":"loan_withdraw", "event_properties":{"date":"2019-05-29 01:00:13.030503+00"}}
{"user_id":"319", "event_type":"new", "event_properties":{"date":"2019-05-11 15:51:29.045249+00"}}
{"user_id":"319", "event_type":"pre_rejected", "event_properties":{"date":"2019-05-13 08:36:23.352547+00"}}
{"user_id":"319", "event_type":"rejected", "event_properties":{"date":"2019-05-13 11:00:34.887984+00"}}
{"user_id":"330", "event_type":"new", "event_properties":{"date":"2019-05-16 08:07:46.636695+00"}}
{"user_id":"330", "event_type":"pre_rejected", "event_properties":{"date":"2019-05-16 12:30:40.13971+00"}}
{"user_id":"330", "event_type":"rejected", "event_properties":{"date":"2019-05-17 11:12:46.461171+00"}}
{"user_id":"333", "event_type":"new", "event_properties":{"date":"2019-05-15 17:55:17.528006+00"}}
{"user_id":"333", "event_type":"pre_rejected", "event_properties":{"date":"2019-05-16 07:40:40.767391+00"}}
{"user_id":"333", "event_type":"rejected", "event_properties":{"date":"2019-05-16 09:07:27.237397+00"}}
{"user_id":"336", "event_type":"new", "event_properties":{"date":"2019-05-16 12:28:39.124355+00"}}
{"user_id":"336", "event_type":"pre_approved", "event_properties":{"date":"2019-05-17 12:04:05.901922+00"}}
{"user_id":"336", "event_type":"approved_with_changes", "event_properties":{"date":"2019-05-17 14:57:58.521549+00"}}
{"user_id":"336", "event_type":"creating_project", "event_properties":{"date":"2019-05-20 09:58:49.939204+00"}}
{"user_id":"336", "event_type":"ready_for_collect", "event_properties":{"date":"2019-05-20 09:58:58.047315+00"}}
{"user_id":"336", "event_type":"collecting_approve", "event_properties":{"date":"2019-05-20 10:49:32.655295+0"}}
{"user_id":"336", "event_type":"collecting_money", "event_properties":{"date":"2019-05-24 07:06:51.207505+00"}}
{"user_id":"336", "event_type":"money_collected", "event_properties":{"date":"2019-05-25 06:45:45.709358+00"}}
{"user_id":"336", "event_type":"borrower_agreed_withdraw", "event_properties":{"date":"2019-05-27 11:36:48.515827+0"}}
{"user_id":"336", "event_type":"sending_money", "event_properties":{"date":"2019-05-27 13:34:45.408541+0"}}
{"user_id":"336", "event_type":"money_sent", "event_properties":{"date":"2019-05-28 14:00:00.011496+0"}}
{"user_id":"336", "event_type":"loan_withdraw", "event_properties":{"date":"2019-05-29 01:00:04.842714+00"}}
{"user_id":"343", "event_type":"new", "event_properties":{"date":"2019-05-16 13:47:21.577021+00"}}
{"user_id":"343", "event_type":"pre_rejected", "event_properties":{"date":"2019-05-17 08:52:21.003426+00"}}
{"user_id":"343", "event_type":"rejected", "event_properties":{"date":"2019-05-17 11:41:30.864192+00"}}
{"user_id":"345", "event_type":"new", "event_properties":{"date":"2019-05-20 17:19:27.878248+00"}}
{"user_id":"345", "event_type":"pre_approved", "event_properties":{"date":"2019-05-21 12:25:26.280597+00"}}
{"user_id":"345", "event_type":"approved", "event_properties":{"date":"2019-05-22 07:30:27.496743+00"}}
{"user_id":"345", "event_type":"creating_project", "event_properties":{"date":"2019-05-22 08:48:51.995171+00"}}
{"user_id":"345", "event_type":"ready_for_collect", "event_properties":{"date":"2019-05-22 08:48:56.670924+00"}}
{"user_id":"345", "event_type":"cancel_collecting", "event_properties":{"date":"2019-06-04 07:54:33.184907+00"}}
{"user_id":"346", "event_type":"new", "event_properties":{"date":"2019-05-17 10:16:56.324714+00"}}
{"user_id":"346", "event_type":"pre_rejected", "event_properties":{"date":"2019-05-17 13:07:34.880192+00"}}
{"user_id":"346", "event_type":"rejected", "event_properties":{"date":"2019-05-20 07:07:51.633841+00"}}
{"user_id":"348", "event_type":"new", "event_properties":{"date":"2019-05-17 13:25:06.781672+00"}}
{"user_id":"348", "event_type":"pre_approved", "event_properties":{"date":"2019-05-20 11:57:05.448009+00"}}
{"user_id":"348", "event_type":"new", "event_properties":{"date":"2019-05-21 11:16:50.294327+00"}}
{"user_id":"348", "event_type":"pre_approved", "event_properties":{"date":"2019-05-21 12:05:52.108319+00"}}
{"user_id":"348", "event_type":"approved_with_changes", "event_properties":{"date":"2019-05-21 12:15:59.35209+00"}}
{"user_id":"348", "event_type":"new", "event_properties":{"date":"2019-05-21 12:18:21.493743+00"}}
{"user_id":"348", "event_type":"pre_approved", "event_properties":{"date":"2019-05-21 12:19:10.430297+00"}}
{"user_id":"348", "event_type":"approved", "event_properties":{"date":"2019-05-21 16:42:45.154603+00"}}
{"user_id":"348", "event_type":"creating_project", "event_properties":{"date":"2019-05-22 08:57:20.303246+00"}}
{"user_id":"348", "event_type":"ready_for_collect", "event_properties":{"date":"2019-05-22 09:29:56.613478+00"}}
{"user_id":"348", "event_type":"collecting_approve", "event_properties":{"date":"2019-05-22 10:42:43.645748+0"}}
{"user_id":"348", "event_type":"collecting_money", "event_properties":{"date":"2019-05-24 07:06:51.389568+00"}}
{"user_id":"348", "event_type":"money_collected", "event_properties":{"date":"2019-05-25 06:45:45.709358+00"}}
{"user_id":"348", "event_type":"borrower_agreed_withdraw", "event_properties":{"date":"2019-05-27 16:15:23.244735+0"}}
{"user_id":"348", "event_type":"sending_money", "event_properties":{"date":"2019-05-27 16:15:33.137446+0"}}
{"user_id":"348", "event_type":"money_sent", "event_properties":{"date":"2019-05-28 17:00:00.007117+0"}}
{"user_id":"348", "event_type":"loan_withdraw", "event_properties":{"date":"2019-05-29 01:00:26.381857+00"}}
{"user_id":"355", "event_type":"new", "event_properties":{"date":"2019-05-17 16:19:59.93937+00"}}
{"user_id":"355", "event_type":"pre_rejected", "event_properties":{"date":"2019-05-20 12:49:17.465892+00"}}
{"user_id":"355", "event_type":"rejected", "event_properties":{"date":"2019-05-21 11:43:51.050218+00"}}
{"user_id":"356", "event_type":"new", "event_properties":{"date":"2019-05-19 07:53:43.030587+00"}}
{"user_id":"356", "event_type":"pre_rejected", "event_properties":{"date":"2019-05-20 07:08:10.758475+00"}}
{"user_id":"356", "event_type":"new", "event_properties":{"date":"2019-05-20 07:51:15.194668+00"}}
{"user_id":"356", "event_type":"pre_rejected", "event_properties":{"date":"2019-05-20 08:38:55.867923+00"}}
{"user_id":"356", "event_type":"rejected", "event_properties":{"date":"2019-05-20 10:41:28.279674+00"}}
{"user_id":"364", "event_type":"new", "event_properties":{"date":"2019-05-21 08:20:25.798236+00"}}
{"user_id":"364", "event_type":"pre_approved", "event_properties":{"date":"2019-05-30 06:37:41.616488+00"}}
{"user_id":"364", "event_type":"approved", "event_properties":{"date":"2019-05-30 08:02:33.456496+00"}}
{"user_id":"364", "event_type":"creating_project", "event_properties":{"date":"2019-05-30 08:51:59.587961+00"}}
{"user_id":"364", "event_type":"ready_for_collect", "event_properties":{"date":"2019-05-30 08:52:21.917232+00"}}
{"user_id":"364", "event_type":"collecting_approve", "event_properties":{"date":"2019-05-30 10:04:31.579925+0"}}
{"user_id":"364", "event_type":"collecting_money", "event_properties":{"date":"2019-05-30 15:27:27.840872+00"}}
{"user_id":"364", "event_type":"money_collected", "event_properties":{"date":"2019-06-01 16:22:52.44394+00"}}
{"user_id":"364", "event_type":"borrower_agreed_withdraw", "event_properties":{"date":"2019-06-04 09:05:12.268765+0"}}
{"user_id":"364", "event_type":"sending_money", "event_properties":{"date":"2019-06-04 12:28:11.856228+0"}}
{"user_id":"364", "event_type":"money_sent", "event_properties":{"date":"2019-06-05 13:00:00.006753+0"}}
{"user_id":"364", "event_type":"loan_withdraw", "event_properties":{"date":"2019-06-06 01:00:04.64161+00"}}
{"user_id":"365", "event_type":"new", "event_properties":{"date":"2019-05-21 09:58:56.468501+00"}}
{"user_id":"365", "event_type":"pre_rejected", "event_properties":{"date":"2019-05-21 14:11:35.548264+00"}}
{"user_id":"365", "event_type":"rejected", "event_properties":{"date":"2019-05-22 08:46:05.90829+00"}}
{"user_id":"366", "event_type":"new", "event_properties":{"date":"2019-05-21 12:26:35.521998+00"}}
{"user_id":"366", "event_type":"pre_rejected", "event_properties":{"date":"2019-05-22 07:43:11.801574+00"}}
{"user_id":"366", "event_type":"rejected", "event_properties":{"date":"2019-05-22 15:17:15.159637+00"}}
{"user_id":"368", "event_type":"new", "event_properties":{"date":"2019-05-21 13:58:52.639944+00"}}
{"user_id":"368", "event_type":"pre_approved", "event_properties":{"date":"2019-05-22 06:24:11.866791+00"}}
{"user_id":"368", "event_type":"approved", "event_properties":{"date":"2019-05-22 07:53:11.421774+00"}}
{"user_id":"368", "event_type":"creating_project", "event_properties":{"date":"2019-05-22 08:54:10.863731+00"}}
{"user_id":"368", "event_type":"ready_for_collect", "event_properties":{"date":"2019-05-22 08:54:20.846361+00"}}
{"user_id":"368", "event_type":"collecting_approve", "event_properties":{"date":"2019-05-22 11:11:52.485376+0"}}
{"user_id":"368", "event_type":"collecting_money", "event_properties":{"date":"2019-05-24 07:06:51.502873+00"}}
{"user_id":"368", "event_type":"money_collected", "event_properties":{"date":"2019-05-25 06:45:45.709358+00"}}
{"user_id":"368", "event_type":"borrower_agreed_withdraw", "event_properties":{"date":"2019-05-27 11:07:32.499065+0"}}
{"user_id":"368", "event_type":"sending_money", "event_properties":{"date":"2019-05-27 11:07:51.523981+0"}}
{"user_id":"368", "event_type":"money_sent", "event_properties":{"date":"2019-05-28 12:00:00.000757+0"}}
{"user_id":"368", "event_type":"loan_withdraw", "event_properties":{"date":"2019-05-29 01:00:19.4905+00"}}
{"user_id":"371", "event_type":"new", "event_properties":{"date":"2019-05-22 12:03:18.814369+00"}}
{"user_id":"371", "event_type":"pre_rejected", "event_properties":{"date":"2019-05-23 11:53:24.883935+00"}}
{"user_id":"371", "event_type":"rejected", "event_properties":{"date":"2019-05-27 11:16:53.936222+00"}}
{"user_id":"372", "event_type":"new", "event_properties":{"date":"2019-05-22 07:42:30.382377+00"}}
{"user_id":"372", "event_type":"pre_approved", "event_properties":{"date":"2019-05-22 11:23:16.854909+00"}}
{"user_id":"372", "event_type":"approved", "event_properties":{"date":"2019-05-22 14:05:39.472518+00"}}
{"user_id":"372", "event_type":"creating_project", "event_properties":{"date":"2019-05-22 14:24:11.730824+00"}}
{"user_id":"372", "event_type":"ready_for_collect", "event_properties":{"date":"2019-05-22 14:24:21.075061+00"}}
{"user_id":"372", "event_type":"collecting_approve", "event_properties":{"date":"2019-05-23 17:33:28.225416+0"}}
{"user_id":"372", "event_type":"collecting_money", "event_properties":{"date":"2019-05-24 07:06:51.443202+00"}}
{"user_id":"372", "event_type":"money_collected", "event_properties":{"date":"2019-05-25 06:45:45.709358+00"}}
{"user_id":"372", "event_type":"borrower_agreed_withdraw", "event_properties":{"date":"2019-05-28 10:35:09.537835+0"}}
{"user_id":"372", "event_type":"sending_money", "event_properties":{"date":"2019-05-28 10:35:24.920203+0"}}
{"user_id":"372", "event_type":"money_sent", "event_properties":{"date":"2019-05-29 11:00:00.009233+0"}}
{"user_id":"372", "event_type":"loan_withdraw", "event_properties":{"date":"2019-05-30 01:00:11.190679+00"}}
{"user_id":"377", "event_type":"new", "event_properties":{"date":"2019-05-23 13:12:47.770852+00"}}
{"user_id":"377", "event_type":"pre_rejected", "event_properties":{"date":"2019-05-24 05:04:27.224464+00"}}
{"user_id":"377", "event_type":"rejected", "event_properties":{"date":"2019-05-27 11:04:50.696939+00"}}
{"user_id":"379", "event_type":"new", "event_properties":{"date":"2019-05-22 12:28:28.543917+00"}}
{"user_id":"379", "event_type":"pre_approved", "event_properties":{"date":"2019-05-24 12:10:52.467968+00"}}
{"user_id":"379", "event_type":"approved", "event_properties":{"date":"2019-05-27 08:33:13.931919+00"}}
{"user_id":"379", "event_type":"creating_project", "event_properties":{"date":"2019-05-27 11:29:49.980576+00"}}
{"user_id":"379", "event_type":"ready_for_collect", "event_properties":{"date":"2019-05-27 12:16:58.9263+00"}}
{"user_id":"379", "event_type":"cancel_collecting", "event_properties":{"date":"2019-05-31 07:06:05.025423+00"}}
{"user_id":"382", "event_type":"new", "event_properties":{"date":"2019-05-24 11:21:59.47367+00"}}
{"user_id":"382", "event_type":"pre_rejected", "event_properties":{"date":"2019-05-24 12:55:12.226348+00"}}
{"user_id":"382", "event_type":"rejected", "event_properties":{"date":"2019-05-27 08:40:16.909648+00"}}
{"user_id":"386", "event_type":"new", "event_properties":{"date":"2019-05-23 11:36:51.498376+00"}}
{"user_id":"386", "event_type":"pre_approved", "event_properties":{"date":"2019-05-27 05:10:12.584718+00"}}
{"user_id":"386", "event_type":"approved", "event_properties":{"date":"2019-05-27 08:57:28.893943+00"}}
{"user_id":"386", "event_type":"creating_project", "event_properties":{"date":"2019-05-27 11:31:01.140081+00"}}
{"user_id":"386", "event_type":"ready_for_collect", "event_properties":{"date":"2019-05-27 12:16:54.121451+00"}}
{"user_id":"386", "event_type":"collecting_approve", "event_properties":{"date":"2019-05-28 12:46:39.552055+0"}}
{"user_id":"386", "event_type":"collecting_money", "event_properties":{"date":"2019-05-30 15:27:30.393907+00"}}
{"user_id":"386", "event_type":"money_collected", "event_properties":{"date":"2019-06-01 16:22:52.44394+00"}}
{"user_id":"386", "event_type":"borrower_agreed_withdraw", "event_properties":{"date":"2019-06-02 07:25:33.124458+0"}}
{"user_id":"386", "event_type":"sending_money", "event_properties":{"date":"2019-06-02 07:25:46.725414+0"}}
{"user_id":"386", "event_type":"money_sent", "event_properties":{"date":"2019-06-03 08:00:00.000381+0"}}
{"user_id":"386", "event_type":"loan_withdraw", "event_properties":{"date":"2019-06-04 01:00:04.643763+00"}}
{"user_id":"393", "event_type":"new", "event_properties":{"date":"2019-05-24 13:48:22.335484+00"}}
{"user_id":"393", "event_type":"pre_approved", "event_properties":{"date":"2019-05-27 05:33:32.645329+00"}}
{"user_id":"393", "event_type":"approved", "event_properties":{"date":"2019-05-27 07:55:08.41463+00"}}
{"user_id":"393", "event_type":"creating_project", "event_properties":{"date":"2019-05-27 11:23:39.349866+00"}}
{"user_id":"393", "event_type":"ready_for_collect", "event_properties":{"date":"2019-05-27 12:16:49.674733+00"}}
{"user_id":"393", "event_type":"collecting_approve", "event_properties":{"date":"2019-05-27 12:29:12.981582+0"}}
{"user_id":"393", "event_type":"collecting_money", "event_properties":{"date":"2019-05-30 15:27:34.107826+00"}}
{"user_id":"393", "event_type":"money_collected", "event_properties":{"date":"2019-06-01 16:22:52.44394+00"}}
{"user_id":"393", "event_type":"borrower_agreed_withdraw", "event_properties":{"date":"2019-06-01 19:01:06.192863+0"}}
{"user_id":"393", "event_type":"sending_money", "event_properties":{"date":"2019-06-04 12:28:37.581343+0"}}
{"user_id":"393", "event_type":"money_sent", "event_properties":{"date":"2019-06-05 13:00:00.006753+0"}}
{"user_id":"393", "event_type":"loan_withdraw", "event_properties":{"date":"2019-06-06 01:00:08.629264+00"}}
{"user_id":"396", "event_type":"new", "event_properties":{"date":"2019-05-24 15:13:45.326712+00"}}
{"user_id":"396", "event_type":"pre_approved", "event_properties":{"date":"2019-05-27 07:53:31.59149+00"}}
{"user_id":"396", "event_type":"approved", "event_properties":{"date":"2019-05-27 10:30:29.825482+00"}}
{"user_id":"396", "event_type":"creating_project", "event_properties":{"date":"2019-05-27 11:31:55.657532+00"}}
{"user_id":"396", "event_type":"ready_for_collect", "event_properties":{"date":"2019-05-27 12:16:45.144904+00"}}
{"user_id":"396", "event_type":"collecting_approve", "event_properties":{"date":"2019-05-28 06:38:25.459348+0"}}
{"user_id":"396", "event_type":"collecting_money", "event_properties":{"date":"2019-05-30 15:27:34.981918+00"}}
{"user_id":"396", "event_type":"money_collected", "event_properties":{"date":"2019-06-01 16:22:52.44394+00"}}
{"user_id":"396", "event_type":"borrower_agreed_withdraw", "event_properties":{"date":"2019-06-01 20:02:10.189461+0"}}
{"user_id":"396", "event_type":"sending_money", "event_properties":{"date":"2019-06-01 20:02:29.393043+0"}}
{"user_id":"396", "event_type":"money_sent", "event_properties":{"date":"2019-06-03 00:00:00.011028+0"}}
{"user_id":"396", "event_type":"loan_withdraw", "event_properties":{"date":"2019-06-03 01:00:04.644179+00"}}
{"user_id":"397", "event_type":"new", "event_properties":{"date":"2019-05-27 08:38:05.708471+00"}}
{"user_id":"397", "event_type":"pre_rejected", "event_properties":{"date":"2019-05-27 08:57:06.447977+00"}}
{"user_id":"397", "event_type":"rejected", "event_properties":{"date":"2019-05-27 11:18:48.266165+00"}}
{"user_id":"399", "event_type":"new", "event_properties":{"date":"2019-05-27 01:36:28.302229+00"}}
{"user_id":"399", "event_type":"pre_rejected", "event_properties":{"date":"2019-05-27 08:00:08.841773+00"}}
{"user_id":"399", "event_type":"rejected", "event_properties":{"date":"2019-05-27 11:15:10.126461+00"}}
{"user_id":"405", "event_type":"new", "event_properties":{"date":"2019-05-27 09:08:10.038704+00"}}
{"user_id":"405", "event_type":"pre_approved", "event_properties":{"date":"2019-05-27 13:01:01.626583+00"}}
{"user_id":"405", "event_type":"approved", "event_properties":{"date":"2019-05-27 13:23:08.343062+00"}}
{"user_id":"405", "event_type":"creating_project", "event_properties":{"date":"2019-05-27 14:44:25.672776+00"}}
{"user_id":"405", "event_type":"ready_for_collect", "event_properties":{"date":"2019-05-27 14:44:50.892248+00"}}
{"user_id":"405", "event_type":"collecting_approve", "event_properties":{"date":"2019-05-28 06:58:40.080985+0"}}
{"user_id":"405", "event_type":"collecting_money", "event_properties":{"date":"2019-05-30 15:27:34.621308+00"}}
{"user_id":"405", "event_type":"money_collected", "event_properties":{"date":"2019-06-01 16:22:52.44394+00"}}
{"user_id":"405", "event_type":"borrower_agreed_withdraw", "event_properties":{"date":"2019-06-03 06:02:39.330248+0"}}
{"user_id":"405", "event_type":"sending_money", "event_properties":{"date":"2019-06-03 06:02:48.454045+0"}}
{"user_id":"405", "event_type":"money_sent", "event_properties":{"date":"2019-06-04 06:59:59.998406+0"}}
{"user_id":"405", "event_type":"loan_withdraw", "event_properties":{"date":"2019-06-05 01:00:04.650953+00"}}
{"user_id":"406", "event_type":"new", "event_properties":{"date":"2019-05-30 09:20:13.166121+00"}}
{"user_id":"406", "event_type":"pre_rejected", "event_properties":{"date":"2019-05-30 13:20:29.489906+00"}}
{"user_id":"406", "event_type":"rejected", "event_properties":{"date":"2019-05-30 14:33:25.539437+00"}}
{"user_id":"409", "event_type":"new", "event_properties":{"date":"2019-05-27 17:51:20.619484+00"}}
{"user_id":"409", "event_type":"pre_rejected", "event_properties":{"date":"2019-05-28 12:04:15.186107+00"}}
{"user_id":"409", "event_type":"rejected", "event_properties":{"date":"2019-05-29 08:40:22.32687+00"}}
{"user_id":"415", "event_type":"new", "event_properties":{"date":"2019-05-28 09:14:55.386415+00"}}
{"user_id":"415", "event_type":"pre_rejected", "event_properties":{"date":"2019-05-28 12:54:18.874058+00"}}
{"user_id":"415", "event_type":"rejected", "event_properties":{"date":"2019-05-29 08:56:03.028173+00"}}
{"user_id":"417", "event_type":"new", "event_properties":{"date":"2019-05-29 10:52:00.658744+00"}}
{"user_id":"417", "event_type":"pre_rejected", "event_properties":{"date":"2019-05-29 12:29:23.962697+00"}}
{"user_id":"417", "event_type":"rejected", "event_properties":{"date":"2019-05-29 15:33:24.580403+00"}}
{"user_id":"417", "event_type":"new", "event_properties":{"date":"2019-06-03 10:47:53.184038+00"}}
{"user_id":"417", "event_type":"pre_approved", "event_properties":{"date":"2019-06-03 12:47:46.498447+00"}}
{"user_id":"417", "event_type":"approved", "event_properties":{"date":"2019-06-04 10:33:37.813188+00"}}
{"user_id":"417", "event_type":"creating_project", "event_properties":{"date":"2019-06-05 13:04:05.657018+00"}}
{"user_id":"417", "event_type":"ready_for_collect", "event_properties":{"date":"2019-06-05 13:04:11.130123+00"}}
{"user_id":"417", "event_type":"collecting_approve", "event_properties":{"date":"2019-06-14 08:11:14.495892+0"}}
{"user_id":"417", "event_type":"collecting_money", "event_properties":{"date":"2019-06-14 08:23:53.337277+00"}}
{"user_id":"417", "event_type":"money_collected", "event_properties":{"date":"2019-06-14 14:27:08.372553+00"}}
{"user_id":"417", "event_type":"borrower_agreed_withdraw", "event_properties":{"date":"2019-06-17 08:20:54.201311+0"}}
{"user_id":"417", "event_type":"sending_money", "event_properties":{"date":"2019-06-17 11:59:06.414185+0"}}
{"user_id":"417", "event_type":"money_sent", "event_properties":{"date":"2019-06-18 12:00:00.01268+0"}}
{"user_id":"417", "event_type":"loan_withdraw", "event_properties":{"date":"2019-06-19 01:00:39.232232+00"}}
{"user_id":"418", "event_type":"new", "event_properties":{"date":"2019-05-29 10:12:28.975597+00"}}
{"user_id":"418", "event_type":"pre_rejected", "event_properties":{"date":"2019-05-29 12:04:18.248896+00"}}
{"user_id":"418", "event_type":"new", "event_properties":{"date":"2019-05-29 15:43:18.36993+00"}}
{"user_id":"418", "event_type":"pre_rejected", "event_properties":{"date":"2019-05-30 05:56:54.478082+00"}}
{"user_id":"418", "event_type":"rejected", "event_properties":{"date":"2019-05-30 06:58:32.989369+00"}}
{"user_id":"418", "event_type":"rejected", "event_properties":{"date":"2019-05-30 06:58:40.968765+00"}}
{"user_id":"421", "event_type":"new", "event_properties":{"date":"2019-06-03 17:06:19.748529+00"}}
{"user_id":"421", "event_type":"pre_approved", "event_properties":{"date":"2019-06-04 07:37:26.80792+00"}}
{"user_id":"421", "event_type":"approved", "event_properties":{"date":"2019-06-04 11:13:42.615132+00"}}
{"user_id":"421", "event_type":"creating_project", "event_properties":{"date":"2019-06-05 12:59:47.595372+00"}}
{"user_id":"421", "event_type":"ready_for_collect", "event_properties":{"date":"2019-06-05 12:59:52.888256+00"}}
{"user_id":"421", "event_type":"collecting_approve", "event_properties":{"date":"2019-06-11 15:30:08.796812+0"}}
{"user_id":"421", "event_type":"collecting_money", "event_properties":{"date":"2019-06-14 08:23:53.311427+00"}}
{"user_id":"421", "event_type":"money_collected", "event_properties":{"date":"2019-06-14 14:27:08.372553+00"}}
{"user_id":"421", "event_type":"borrower_agreed_withdraw", "event_properties":{"date":"2019-06-17 09:34:17.711898+0"}}
{"user_id":"421", "event_type":"sending_money", "event_properties":{"date":"2019-06-17 11:59:17.02448+0"}}
{"user_id":"421", "event_type":"money_sent", "event_properties":{"date":"2019-06-18 12:00:00.01268+0"}}
{"user_id":"421", "event_type":"loan_withdraw", "event_properties":{"date":"2019-06-19 01:00:43.059153+00"}}
{"user_id":"423", "event_type":"new", "event_properties":{"date":"2019-05-31 12:58:18.477716+00"}}
{"user_id":"423", "event_type":"pre_rejected", "event_properties":{"date":"2019-06-03 13:04:42.404409+00"}}
{"user_id":"423", "event_type":"rejected", "event_properties":{"date":"2019-06-04 10:47:48.635524+00"}}
{"user_id":"425", "event_type":"new", "event_properties":{"date":"2019-06-03 12:36:16.98394+00"}}
{"user_id":"425", "event_type":"pre_rejected", "event_properties":{"date":"2019-06-04 05:39:52.531578+00"}}
{"user_id":"425", "event_type":"rejected", "event_properties":{"date":"2019-06-04 10:45:28.451074+00"}}
{"user_id":"430", "event_type":"new", "event_properties":{"date":"2019-06-11 08:15:30.651792+00"}}
{"user_id":"430", "event_type":"pre_approved", "event_properties":{"date":"2019-06-11 11:57:56.633731+00"}}
{"user_id":"430", "event_type":"approved_with_changes", "event_properties":{"date":"2019-06-13 12:14:34.282421+00"}}
{"user_id":"430", "event_type":"creating_project", "event_properties":{"date":"2019-06-13 13:10:37.562841+00"}}
{"user_id":"430", "event_type":"ready_for_collect", "event_properties":{"date":"2019-06-13 13:10:54.726726+00"}}
{"user_id":"430", "event_type":"collecting_approve", "event_properties":{"date":"2019-06-14 07:39:16.717135+0"}}
{"user_id":"430", "event_type":"collecting_money", "event_properties":{"date":"2019-06-14 08:23:53.322956+00"}}
{"user_id":"430", "event_type":"money_collected", "event_properties":{"date":"2019-06-14 14:27:08.372553+00"}}
{"user_id":"430", "event_type":"borrower_agreed_withdraw", "event_properties":{"date":"2019-06-17 06:35:28.900993+0"}}
{"user_id":"430", "event_type":"sending_money", "event_properties":{"date":"2019-06-17 11:59:28.650568+0"}}
{"user_id":"430", "event_type":"money_sent", "event_properties":{"date":"2019-06-18 12:00:00.01268+0"}}
{"user_id":"430", "event_type":"loan_withdraw", "event_properties":{"date":"2019-06-19 01:00:46.542086+00"}}
{"user_id":"436", "event_type":"new", "event_properties":{"date":"2019-06-07 06:09:22.60665+00"}}
{"user_id":"436", "event_type":"pre_rejected", "event_properties":{"date":"2019-06-07 10:07:46.461731+00"}}
{"user_id":"436", "event_type":"rejected", "event_properties":{"date":"2019-06-07 11:45:29.776705+00"}}
{"user_id":"436", "event_type":"new", "event_properties":{"date":"2019-06-07 12:56:18.124506+00"}}
{"user_id":"436", "event_type":"pre_rejected", "event_properties":{"date":"2019-06-07 13:02:36.909555+00"}}
{"user_id":"436", "event_type":"rejected", "event_properties":{"date":"2019-06-07 14:42:54.742181+00"}}
{"user_id":"440", "event_type":"new", "event_properties":{"date":"2019-06-10 07:02:31.499615+00"}}
{"user_id":"440", "event_type":"pre_rejected", "event_properties":{"date":"2019-06-10 12:00:54.286274+00"}}
{"user_id":"440", "event_type":"rejected", "event_properties":{"date":"2019-06-11 07:34:36.151938+00"}}
{"user_id":"445", "event_type":"new", "event_properties":{"date":"2019-06-13 10:44:36.110095+00"}}
{"user_id":"445", "event_type":"pre_rejected", "event_properties":{"date":"2019-06-14 09:12:41.236299+00"}}
{"user_id":"445", "event_type":"rejected", "event_properties":{"date":"2019-06-14 14:53:58.689325+00"}}
{"user_id":"446", "event_type":"new", "event_properties":{"date":"2019-06-11 19:18:12.001499+00"}}
{"user_id":"446", "event_type":"pre_approved", "event_properties":{"date":"2019-06-13 08:24:57.057587+00"}}
{"user_id":"446", "event_type":"approved_with_changes", "event_properties":{"date":"2019-06-13 13:03:11.954848+00"}}
{"user_id":"446", "event_type":"creating_project", "event_properties":{"date":"2019-06-13 13:10:34.92541+00"}}
{"user_id":"446", "event_type":"ready_for_collect", "event_properties":{"date":"2019-06-13 13:10:50.408375+00"}}
{"user_id":"446", "event_type":"collecting_approve", "event_properties":{"date":"2019-06-13 16:39:52.229346+0"}}
{"user_id":"446", "event_type":"collecting_money", "event_properties":{"date":"2019-06-14 08:23:53.299967+00"}}
{"user_id":"446", "event_type":"money_collected", "event_properties":{"date":"2019-06-14 14:27:08.372553+00"}}
{"user_id":"446", "event_type":"borrower_agreed_withdraw", "event_properties":{"date":"2019-06-14 16:28:06.162473+0"}}
{"user_id":"446", "event_type":"sending_money", "event_properties":{"date":"2019-06-17 11:59:36.280439+0"}}
{"user_id":"446", "event_type":"money_sent", "event_properties":{"date":"2019-06-18 12:00:00.01268+0"}}
{"user_id":"446", "event_type":"loan_withdraw", "event_properties":{"date":"2019-06-19 01:00:50.028388+00"}}
{"user_id":"449", "event_type":"new", "event_properties":{"date":"2019-06-13 10:44:50.274223+00"}}
{"user_id":"449", "event_type":"pre_rejected", "event_properties":{"date":"2019-06-14 05:51:12.138593+00"}}
{"user_id":"449", "event_type":"rejected", "event_properties":{"date":"2019-06-14 06:57:44.575332+00"}}
{"user_id":"451", "event_type":"new", "event_properties":{"date":"2019-06-14 14:05:51.407045+00"}}
{"user_id":"451", "event_type":"pre_rejected", "event_properties":{"date":"2019-06-17 07:48:48.195301+00"}}
{"user_id":"451", "event_type":"rejected", "event_properties":{"date":"2019-06-18 10:11:54.867711+00"}}
{"user_id":"456", "event_type":"new", "event_properties":{"date":"2019-06-17 11:53:15.623704+00"}}
{"user_id":"456", "event_type":"pre_rejected", "event_properties":{"date":"2019-06-17 13:09:32.113747+00"}}
{"user_id":"456", "event_type":"rejected", "event_properties":{"date":"2019-06-18 10:23:48.984367+00"}}
{"user_id":"458", "event_type":"new", "event_properties":{"date":"2019-06-17 16:14:39.931209+00"}}
{"user_id":"458", "event_type":"pre_rejected", "event_properties":{"date":"2019-06-18 10:17:08.125702+00"}}
{"user_id":"458", "event_type":"rejected", "event_properties":{"date":"2019-06-18 10:18:08.18785+00"}}
{"user_id":"460", "event_type":"new", "event_properties":{"date":"2019-06-18 15:44:23.444899+00"}}
{"user_id":"460", "event_type":"pre_rejected", "event_properties":{"date":"2019-06-19 08:45:27.948695+00"}}
{"user_id":"460", "event_type":"rejected", "event_properties":{"date":"2019-06-19 14:20:44.704353+00"}}
{"user_id":"461", "event_type":"new", "event_properties":{"date":"2019-06-18 14:09:33.604111+00"}}
{"user_id":"461", "event_type":"pre_rejected", "event_properties":{"date":"2019-06-19 07:57:09.35401+00"}}
{"user_id":"461", "event_type":"rejected", "event_properties":{"date":"2019-06-19 08:01:19.703975+00"}}
{"user_id":"462", "event_type":"new", "event_properties":{"date":"2019-06-18 14:58:29.216099+00"}}
{"user_id":"462", "event_type":"pre_approved", "event_properties":{"date":"2019-06-20 05:31:16.802871+00"}}
{"user_id":"462", "event_type":"approved", "event_properties":{"date":"2019-06-20 12:19:43.288609+00"}}
{"user_id":"462", "event_type":"creating_project", "event_properties":{"date":"2019-06-20 21:59:00.54438+00"}}
{"user_id":"462", "event_type":"ready_for_collect", "event_properties":{"date":"2019-06-21 09:19:29.019774+00"}}
{"user_id":"462", "event_type":"collecting_approve", "event_properties":{"date":"2019-06-21 09:34:33.82385+0"}}
{"user_id":"462", "event_type":"collecting_money", "event_properties":{"date":"2019-07-05 09:05:29.568995+00"}}
{"user_id":"462", "event_type":"money_collected", "event_properties":{"date":"2019-07-05 10:10:19.943327+00"}}
{"user_id":"465", "event_type":"new", "event_properties":{"date":"2019-06-19 12:25:57.109938+00"}}
{"user_id":"465", "event_type":"pre_rejected", "event_properties":{"date":"2019-06-20 06:37:28.240374+00"}}
{"user_id":"465", "event_type":"rejected", "event_properties":{"date":"2019-06-20 12:37:32.045765+00"}}
{"user_id":"467", "event_type":"new", "event_properties":{"date":"2019-06-24 08:41:41.193845+00"}}
{"user_id":"467", "event_type":"pre_rejected", "event_properties":{"date":"2019-06-24 10:23:03.276181+00"}}
{"user_id":"467", "event_type":"rejected", "event_properties":{"date":"2019-06-24 10:37:01.313467+00"}}
{"user_id":"473", "event_type":"new", "event_properties":{"date":"2019-06-21 07:19:35.480649+00"}}
{"user_id":"473", "event_type":"pre_rejected", "event_properties":{"date":"2019-06-21 12:51:30.566334+00"}}
{"user_id":"473", "event_type":"rejected", "event_properties":{"date":"2019-06-21 14:37:19.715177+00"}}
{"user_id":"474", "event_type":"new", "event_properties":{"date":"2019-06-21 13:27:44.419224+00"}}
{"user_id":"474", "event_type":"pre_approved", "event_properties":{"date":"2019-06-24 12:15:31.261928+00"}}
{"user_id":"474", "event_type":"approved_with_changes", "event_properties":{"date":"2019-06-25 12:45:58.352604+00"}}
{"user_id":"474", "event_type":"creating_project", "event_properties":{"date":"2019-06-28 10:36:04.010358+00"}}
{"user_id":"474", "event_type":"ready_for_collect", "event_properties":{"date":"2019-06-28 13:40:30.60171+00"}}
{"user_id":"474", "event_type":"cancel_collecting", "event_properties":{"date":"2019-07-04 13:58:19.053774+00"}}
{"user_id":"475", "event_type":"new", "event_properties":{"date":"2019-06-21 13:28:25.178639+00"}}
{"user_id":"475", "event_type":"pre_rejected", "event_properties":{"date":"2019-06-21 13:52:33.501743+00"}}
{"user_id":"475", "event_type":"rejected", "event_properties":{"date":"2019-06-21 14:53:51.633252+00"}}
{"user_id":"476", "event_type":"new", "event_properties":{"date":"2019-06-22 08:37:39.514413+00"}}
{"user_id":"476", "event_type":"pre_rejected", "event_properties":{"date":"2019-06-24 06:11:52.715799+00"}}
{"user_id":"476", "event_type":"rejected", "event_properties":{"date":"2019-06-24 08:51:58.01797+00"}}
{"user_id":"477", "event_type":"new", "event_properties":{"date":"2019-06-24 07:05:26.009229+00"}}
{"user_id":"477", "event_type":"pre_rejected", "event_properties":{"date":"2019-06-24 08:01:47.176226+00"}}
{"user_id":"477", "event_type":"rejected", "event_properties":{"date":"2019-06-24 08:58:55.768987+00"}}
{"user_id":"479", "event_type":"new", "event_properties":{"date":"2019-06-25 14:09:48.128365+00"}}
{"user_id":"479", "event_type":"pre_rejected", "event_properties":{"date":"2019-06-26 07:09:40.175894+00"}}
{"user_id":"479", "event_type":"rejected", "event_properties":{"date":"2019-06-26 14:16:30.043221+00"}}
{"user_id":"490", "event_type":"new", "event_properties":{"date":"2019-06-28 17:04:35.906409+00"}}
{"user_id":"490", "event_type":"pre_approved", "event_properties":{"date":"2019-07-01 10:52:21.436516+00"}}
{"user_id":"490", "event_type":"approved_with_changes", "event_properties":{"date":"2019-07-02 11:54:39.621638+00"}}
{"user_id":"490", "event_type":"creating_project", "event_properties":{"date":"2019-07-02 12:28:39.467607+00"}}
{"user_id":"490", "event_type":"ready_for_collect", "event_properties":{"date":"2019-07-02 12:28:49.270197+00"}}
{"user_id":"490", "event_type":"collecting_approve", "event_properties":{"date":"2019-07-02 14:43:49.557451+0"}}
{"user_id":"490", "event_type":"collecting_money", "event_properties":{"date":"2019-07-05 09:05:29.526275+00"}}
{"user_id":"490", "event_type":"money_collected", "event_properties":{"date":"2019-07-05 10:10:19.943327+00"}}
{"user_id":"490", "event_type":"borrower_agreed_withdraw", "event_properties":{"date":"2019-07-05 11:34:20.781861+0"}}
{"user_id":"490", "event_type":"sending_money", "event_properties":{"date":"2019-07-05 11:34:28.825595+0"}}
{"user_id":"493", "event_type":"new", "event_properties":{"date":"2019-07-02 14:45:50.678078+00"}}
{"user_id":"493", "event_type":"pre_approved", "event_properties":{"date":"2019-07-03 09:24:15.958673+00"}}
{"user_id":"493", "event_type":"approved", "event_properties":{"date":"2019-07-03 12:17:29.548558+00"}}
{"user_id":"493", "event_type":"creating_project", "event_properties":{"date":"2019-07-03 12:35:37.605269+00"}}
{"user_id":"493", "event_type":"ready_for_collect", "event_properties":{"date":"2019-07-03 12:35:50.839415+00"}}
{"user_id":"493", "event_type":"collecting_approve", "event_properties":{"date":"2019-07-04 08:08:41.948998+0"}}
{"user_id":"493", "event_type":"collecting_money", "event_properties":{"date":"2019-07-05 09:05:29.555089+00"}}
{"user_id":"493", "event_type":"money_collected", "event_properties":{"date":"2019-07-05 10:10:19.943327+00"}}
{"user_id":"496", "event_type":"new", "event_properties":{"date":"2019-07-01 09:40:05.74896+00"}}
{"user_id":"496", "event_type":"pre_rejected", "event_properties":{"date":"2019-07-01 12:23:56.320438+00"}}
{"user_id":"496", "event_type":"rejected", "event_properties":{"date":"2019-07-01 15:06:52.03038+00"}}
{"user_id":"499", "event_type":"new", "event_properties":{"date":"2019-07-01 10:18:29.564811+00"}}
{"user_id":"499", "event_type":"pre_rejected", "event_properties":{"date":"2019-07-01 13:49:38.313501+00"}}
{"user_id":"499", "event_type":"rejected", "event_properties":{"date":"2019-07-01 14:59:34.167614+00"}}
{"user_id":"500", "event_type":"new", "event_properties":{"date":"2019-07-01 10:36:37.999087+00"}}
{"user_id":"500", "event_type":"pre_rejected", "event_properties":{"date":"2019-07-01 11:40:48.261877+00"}}
{"user_id":"500", "event_type":"rejected", "event_properties":{"date":"2019-07-02 09:36:09.623609+00"}}
{"user_id":"501", "event_type":"new", "event_properties":{"date":"2019-07-01 10:43:27.3003+00"}}
{"user_id":"501", "event_type":"pre_rejected", "event_properties":{"date":"2019-07-01 11:34:22.813622+00"}}
{"user_id":"501", "event_type":"rejected", "event_properties":{"date":"2019-07-02 09:37:34.817942+00"}}
{"user_id":"502", "event_type":"new", "event_properties":{"date":"2019-07-01 21:26:14.657668+00"}}
{"user_id":"502", "event_type":"pre_approved", "event_properties":{"date":"2019-07-02 06:30:10.441003+00"}}
{"user_id":"502", "event_type":"approved_with_changes", "event_properties":{"date":"2019-07-02 10:21:53.019272+00"}}
{"user_id":"502", "event_type":"creating_project", "event_properties":{"date":"2019-07-02 11:45:43.127532+00"}}
{"user_id":"502", "event_type":"ready_for_collect", "event_properties":{"date":"2019-07-02 11:46:14.945142+00"}}
{"user_id":"502", "event_type":"collecting_approve", "event_properties":{"date":"2019-07-02 14:51:51.921751+0"}}
{"user_id":"502", "event_type":"collecting_money", "event_properties":{"date":"2019-07-05 09:05:29.542162+00"}}
{"user_id":"502", "event_type":"money_collected", "event_properties":{"date":"2019-07-05 10:10:19.943327+00"}}
{"user_id":"502", "event_type":"borrower_agreed_withdraw", "event_properties":{"date":"2019-07-05 10:11:17.860222+0"}}
{"user_id":"504", "event_type":"new", "event_properties":{"date":"2019-07-02 12:44:41.645277+00"}}
{"user_id":"504", "event_type":"pre_approved", "event_properties":{"date":"2019-07-03 11:57:16.278246+00"}}
{"user_id":"504", "event_type":"approved", "event_properties":{"date":"2019-07-03 12:46:59.391759+00"}}
{"user_id":"504", "event_type":"creating_project", "event_properties":{"date":"2019-07-03 12:52:33.46359+00"}}
{"user_id":"504", "event_type":"ready_for_collect", "event_properties":{"date":"2019-07-03 12:52:57.873847+00"}}
{"user_id":"504", "event_type":"collecting_approve", "event_properties":{"date":"2019-07-05 08:22:51.398939+0"}}
{"user_id":"504", "event_type":"collecting_money", "event_properties":{"date":"2019-07-05 09:05:29.587834+00"}}
{"user_id":"504", "event_type":"money_collected", "event_properties":{"date":"2019-07-05 10:10:19.943327+00"}}
{"user_id":"504", "event_type":"borrower_agreed_withdraw", "event_properties":{"date":"2019-07-05 12:34:43.437203+0"}}
{"user_id":"504", "event_type":"sending_money", "event_properties":{"date":"2019-07-05 12:34:50.441519+0"}}
{"user_id":"511", "event_type":"new", "event_properties":{"date":"2019-07-04 12:23:17.368282+00"}}
{"user_id":"511", "event_type":"pre_approved", "event_properties":{"date":"2019-07-04 12:48:55.61399+00"}}
{"user_id":"511", "event_type":"approved_with_changes", "event_properties":{"date":"2019-07-04 13:55:03.635527+00"}}
{"user_id":"511", "event_type":"creating_project", "event_properties":{"date":"2019-07-04 15:20:54.288763+00"}}
{"user_id":"511", "event_type":"ready_for_collect", "event_properties":{"date":"2019-07-04 16:05:51.521972+00"}}
{"user_id":"511", "event_type":"collecting_approve", "event_properties":{"date":"2019-07-05 08:46:26.281913+0"}}
{"user_id":"511", "event_type":"collecting_money", "event_properties":{"date":"2019-07-05 09:05:29.60109+00"}}
{"user_id":"511", "event_type":"money_collected", "event_properties":{"date":"2019-07-05 10:10:19.943327+00"}}
{"user_id":"513", "event_type":"new", "event_properties":{"date":"2019-07-04 15:24:55.197545+00"}}
{"user_id":"513", "event_type":"pre_rejected", "event_properties":{"date":"2019-07-05 08:58:21.84278+00"}}
{"user_id":"513", "event_type":"rejected", "event_properties":{"date":"2019-07-05 09:13:29.898105+00"}}
